post_id,post_url,stratum,gold_label,labeled_at
07d9e2d0-88fa-4502-8f5f-273526f14da7,https://www.instagram.com/p/Dagg0-bEjLK/,testimonial,campaign,2026-10-08T00:02:56+00:00
2a2fa056-a92b-45e6-8070-382290f237fc,https://www.instagram.com/p/DarfW-ykXhd/,product,paid_promotion,2026-10-08T00:03:30+00:00
858a4f86-05d7-4e2b-959d-20661f321d86,https://www.instagram.com/p/DZUuxdoFQ4P/,product,educational,2026-10-08T00:03:59+00:00
1420b03e-ceaf-423c-8162-ac7fe03f0536,https://www.instagram.com/p/DYYcIR-pW4S/,educational,educational,2026-10-08T00:05:17+00:00
03f3ef59-6e95-4083-98ae-99a5350a284f,https://www.instagram.com/p/DY-JP33FW5b/,product,other,2026-10-08T00:10:56+00:00
069833c5-2a5b-4ae9-9055-78d7d0bebddc,https://www.instagram.com/p/DX0ppd9FWJY/,educational,educational,2026-10-08T00:10:56+00:00
139bff22-8d1a-422a-b9e9-de516e1c2a55,https://www.instagram.com/p/DZVzKPqEirh/,educational,educational,2026-10-08T00:10:56+00:00
39543804-723f-4e81-a54f-e1c2567a23a1,https://www.instagram.com/p/DaN08QWlOxh/,educational,collaboration,2026-10-08T00:10:56+00:00
6d086a5e-877c-4e80-a507-248c462ba766,https://www.instagram.com/p/DZ-9JWXgRR_/,educational,educational,2026-10-08T00:10:56+00:00
41cabf42-f3e8-4808-8fe4-a92347a22ec5,https://www.instagram.com/p/DZF1ccxiL0W/,collaboration,paid_promotion,2026-10-08T00:10:56+00:00
b30b3fa8-1d31-4af9-b253-01078f75f6cd,https://www.instagram.com/p/DYkZB2jlbYL/,product,other,2026-10-08T00:10:56+00:00
5ac1bc78-6a0f-459e-b050-52a3dfb254a1,https://www.instagram.com/p/DalfZ3Jn8yi/,other,educational,2026-10-08T00:10:56+00:00
71cb88f3-f488-476e-882b-b1b2bf34489e,https://www.instagram.com/p/DZaUo0kD7Y0/,testimonial,testimonial,2026-10-08T00:10:56+00:00
799240d1-3008-4f1d-b605-28866aeb882d,https://www.instagram.com/p/DbFQTOHiiXi/,product,product,2026-10-08T00:10:56+00:00
1487e0bf-edcc-468d-804c-20df37bd4cf9,https://www.instagram.com/p/Dagz6F5GtFK/,product,product,2026-10-08T00:10:56+00:00
765d1d35-19a1-4d7b-a4d5-a102dd1014f4,https://www.instagram.com/p/DbEhlA5Dapu/,educational,educational,2026-10-08T00:10:56+00:00
b3420f2f-11b7-480b-8b30-cccabd70c26f,https://www.instagram.com/p/DanEzJdo4oA/,other,other,2026-10-08T00:10:56+00:00
a9ad6c64-406d-44e7-81e7-5fb12406ecca,https://www.instagram.com/p/DaYEf8bNkbB/,paid_promotion,paid_promotion,2026-10-08T00:10:56+00:00
f6dac2db-fe99-4e1f-9565-4b2831e2204d,https://www.instagram.com/p/DYv05ykAFzh/,other,other,2026-10-08T00:10:56+00:00
96d28143-3ca2-4adf-b9b0-47a100a37164,https://www.instagram.com/p/DXxEvfwBe3N/,collaboration,product,2026-10-08T00:10:56+00:00
9845d3a7-f056-4b0f-a07a-d5fef1bd70ce,https://www.instagram.com/p/DYi_9hEE2Wk/,educational,educational,2026-10-08T00:10:56+00:00
655cd66e-8926-4ea8-a69d-d3cc52fb5593,https://www.instagram.com/p/DZvE1dwp27L/,product,product,2026-10-08T00:10:56+00:00
06b2e27d-9a97-4bbf-9606-980b5eaf0478,https://www.instagram.com/p/DbBig6HEks7/,campaign,collaboration,2026-10-08T00:10:56+00:00
1d0b9b53-7a9d-40ba-b7af-e2bfcb1fc213,https://www.instagram.com/p/DYXhaxjutn9/,campaign,educational,2026-10-08T00:10:56+00:00
5c4ff7eb-ebaf-4cc6-9cd9-079da1028b8e,https://www.instagram.com/p/DZYILxEJUFy/,paid_promotion,paid_promotion,2026-10-08T00:10:56+00:00
b1898f76-bfaf-46f5-9469-00a4d55fd972,https://www.instagram.com/p/DYqOFb7mtXu/,testimonial,testimonial,2026-10-08T00:10:56+00:00
c720f534-1097-4765-86ba-39934794a13d,https://www.instagram.com/p/DX-FoFXFYNp/,collaboration,educational,2026-10-08T00:10:56+00:00
3182bb9a-8dd5-4fea-aa32-c701b96adf16,https://www.instagram.com/p/DZz4bjIjhdm/,collaboration,collaboration,2026-10-08T00:10:56+00:00
e0c9eb77-e302-4406-ba74-b76139e3ca2c,https://www.instagram.com/p/DZXbyhTiD97/,educational,other,2026-10-08T00:10:56+00:00
10d521ab-cf90-4483-981e-96ca3c63931c,https://www.instagram.com/p/DZvJJWxiJXu/,product,product,2026-10-08T00:10:56+00:00
5ee771ac-5ac4-4574-b94e-4f44ea0087d0,https://www.instagram.com/p/DbGvdS8IDTu/,other,educational,2026-10-08T00:10:56+00:00
6fabffdc-ec51-4f77-9f3c-2bbd5e312c41,https://www.instagram.com/p/DXsHy6Nkp9z/,collaboration,product,2026-10-08T00:10:56+00:00
0ccdf751-541f-462b-9546-3bf8fcfe06ff,https://www.instagram.com/p/DbLp3DziuIC/,campaign,paid_promotion,2026-10-08T00:10:56+00:00
51bce348-1e15-46f6-be9d-dbc4ea28d048,https://www.instagram.com/p/DY0aSn_Dw1B/,other,other,2026-10-08T00:10:56+00:00
feaee517-174f-44ec-995c-44ba530118eb,https://www.instagram.com/p/DXqPuuEDGfC/,collaboration,campaign,2026-10-08T00:10:56+00:00
119cf205-f3c5-404c-af96-c88137c16873,https://www.instagram.com/p/DZ3oYpbhX6E/,product,product,2026-10-08T00:10:56+00:00
4353023e-b638-4b86-aa4a-2b08534ba763,https://www.instagram.com/p/DY-is77AWz-/,educational,educational,2026-10-08T00:10:56+00:00
c3bd3ae3-a1e4-4715-86d3-8a144a1d1157,https://www.instagram.com/p/DZ6G68VCnJc/,product,product,2026-10-08T00:10:56+00:00
1dc1b1aa-8202-44e9-93ce-01e19301142b,https://www.instagram.com/p/DX-kHLwlRbe/,educational,educational,2026-10-08T00:10:56+00:00
8c9753a8-7d95-4746-aef2-40a03bbd35e7,https://www.instagram.com/p/DZdVdevgSRV/,campaign,product,2026-10-08T00:10:56+00:00
1ac4bac9-f78f-46d4-b160-be799bacfeeb,https://www.instagram.com/p/DaV4I-BRqur/,campaign,campaign,2026-10-08T00:10:56+00:00
3a9589e2-5c9a-442c-8bf6-2fd63694227a,https://www.instagram.com/p/DZ-VmwLxc0d/,paid_promotion,product,2026-10-08T00:10:56+00:00
18230664-66a2-4692-a2d5-1095ca8849d3,https://www.instagram.com/p/DY4igvWilsd/,educational,educational,2026-10-08T00:10:56+00:00
9995fed6-63d9-49ee-ba44-fbfeeb7adba4,https://www.instagram.com/p/DaEw2AIFU6v/,product,campaign,2026-10-08T00:10:56+00:00
a17ea7a1-662f-48cc-9788-1eaad215d02a,https://www.instagram.com/p/DZQj_jZgVqm/,product,educational,2026-10-08T00:10:56+00:00
69df5002-0fa7-449d-94cd-91913a693779,https://www.instagram.com/p/DZOY8E4gF7C/,other,other,2026-10-08T00:10:56+00:00
fa4a69ab-e384-4972-80d2-0efb3151aa90,https://www.instagram.com/p/DYQHfRbyMUU/,educational,educational,2026-10-08T00:10:56+00:00
1bef8284-af79-40fc-a4b9-b18299aa35bf,https://www.instagram.com/p/DajY4WsEUjQ/,other,other,2026-10-08T00:10:56+00:00
802aa766-72ea-4bda-b5af-97552980e009,https://www.instagram.com/p/DaS-P9QMbjz/,collaboration,collaboration,2026-10-08T00:10:56+00:00
080f916d-6780-41ab-aa28-83ec9a9fee8d,https://www.instagram.com/p/DZVjEMfIOFd/,other,other,2026-10-08T00:10:56+00:00
77837fea-281e-4144-8869-6a71917e68eb,https://www.instagram.com/p/DZdPEoPJ5P6/,paid_promotion,product,2026-10-08T00:10:56+00:00
36098e29-a5a5-40b9-b4f2-ca14e95665c9,https://www.instagram.com/p/DaYk8qlDFMg/,collaboration,paid_promotion,2026-10-08T00:10:56+00:00
2af712fd-7b00-4518-8fa5-3ade414f387e,https://www.instagram.com/p/DYdgfLDBnUF/,educational,educational,2026-10-08T00:10:56+00:00
ffd85fe9-ebb5-4a92-b5af-fecc47191693,https://www.instagram.com/p/DY7iw0bvwRD/,educational,educational,2026-10-08T00:10:56+00:00
8a4b9dcd-1bf6-4cf4-9115-6b4144f71e76,https://www.instagram.com/p/DZvYZrdkWv5/,collaboration,paid_promotion,2026-10-08T00:10:56+00:00
0ba1b815-238d-4c5b-864d-f6a38acd33be,https://www.instagram.com/p/DZ5JvN5DaiJ/,educational,educational,2026-10-08T00:10:56+00:00
6ea7f294-1d14-4b1c-8eca-4327302aa9ea,https://www.instagram.com/p/DYfYrbIEwBh/,educational,other,2026-10-08T00:10:56+00:00
10bbe25e-857c-4f42-9b8f-41fe83336946,https://www.instagram.com/p/Dafgb-ZDNlf/,campaign,paid_promotion,2026-10-08T00:10:56+00:00
5e342f4f-fb80-44e4-ab39-af98dee96d3f,https://www.instagram.com/p/Dad32PxgUKX/,campaign,other,2026-10-08T00:10:56+00:00
069599b9-5abf-45fa-a3b7-cee9b2bf1469,https://www.instagram.com/p/DaVSVVSDLth/,product,product,2026-10-08T00:10:56+00:00
ceb367db-579e-4b6b-b0ba-1f4440e8b66f,https://www.instagram.com/p/DaU6C66ihrJ/,product,product,2026-10-08T00:10:56+00:00
2dfda995-552b-4d55-8d0a-d818b5cd423c,https://www.instagram.com/p/DZCokBoijOx/,product,product,2026-10-08T00:10:56+00:00
b898bca5-73b1-477e-88e7-f5c805ae586a,https://www.instagram.com/p/DbIjkY1D_Ds/,collaboration,paid_promotion,2026-10-08T00:10:56+00:00
dbf6fadf-2549-4e18-8fac-c972a616ce25,https://www.instagram.com/p/DYr-ljVouvp/,product,other,2026-10-08T00:10:56+00:00
98eabdc5-2849-406b-bc4f-b48b53dd37a1,https://www.instagram.com/p/DYYW-dsFU-2/,product,educational,2026-10-08T00:10:56+00:00
fbee2d1d-9030-41bd-a4ee-4aba14db03ad,https://www.instagram.com/p/DYXqffKxx4M/,educational,educational,2026-10-08T00:10:56+00:00
5ede1f80-55ac-49f0-82b3-d09016e2803b,https://www.instagram.com/p/DXzFlznk7P6/,educational,educational,2026-10-08T00:10:56+00:00
926bcc69-bde5-4259-b95a-ac7c3c2bc56a,https://www.instagram.com/p/DYytm3cFiVc/,educational,educational,2026-10-08T00:10:56+00:00
aebc2df0-ff44-45da-ad20-989a83af758f,https://www.instagram.com/p/DayhLPHlW3u/,educational,educational,2026-10-08T00:10:56+00:00
186d3d18-92e1-44bb-9964-5f75ec8c3b89,https://www.instagram.com/p/DZFXOCrDQbG/,educational,product,2026-10-08T00:10:56+00:00
3bab6f42-f79a-4af8-a485-60865599b1bc,https://www.instagram.com/p/DbM6TiqkSq2/,educational,other,2026-10-08T00:10:56+00:00
92d73c54-15e2-4fef-876c-6885cdafe420,https://www.instagram.com/p/DYo_kHdgZz1/,product,other,2026-10-08T00:10:56+00:00
284dbdd9-96bb-4248-b7e8-d24631d3d245,https://www.instagram.com/p/DZKpDDNhAk4/,product,product,2026-10-08T00:10:56+00:00
5bec325d-2bd3-434d-b895-50984e2fa406,https://www.instagram.com/p/DZs5le7sTFD/,paid_promotion,product,2026-10-08T00:10:56+00:00
1cd95442-5ccc-4685-a39d-31176cf3467a,https://www.instagram.com/p/DbOf_BCnHPD/,product,paid_promotion,2026-10-08T00:10:56+00:00
b77ec204-1bd9-4cbf-9857-d5fd0344ec37,https://www.instagram.com/p/DaYRX3sD6Ew/,educational,educational,2026-10-08T00:10:56+00:00
f78e7136-689b-43c6-bfd0-3f0c3a1ac6e9,https://www.instagram.com/p/DY40EmUIIAg/,educational,educational,2026-10-08T00:10:56+00:00
cda02189-5b0f-4897-a264-6c6b36787e23,https://www.instagram.com/p/DZ0IHbzD3-d/,educational,educational,2026-10-08T00:10:56+00:00
243193ca-11ee-4a98-8a75-a59838af9e25,https://www.instagram.com/p/DYANNotiLpB/,collaboration,paid_promotion,2026-10-08T00:10:56+00:00
4c71dd3c-9d4e-402b-98f0-80fd10d77631,https://www.instagram.com/p/DYHvNYlB41u/,testimonial,testimonial,2026-10-08T00:10:56+00:00
741984f5-960a-4111-abe8-a0e200319b20,https://www.instagram.com/p/DbGZ1V_C_jZ/,paid_promotion,paid_promotion,2026-10-08T00:10:56+00:00
ea7b49d2-40f0-4a6e-aec1-a7fd3dc371eb,https://www.instagram.com/p/DZpsARpt_Mu/,paid_promotion,paid_promotion,2026-10-08T00:10:56+00:00
6127849a-d680-4ecd-acc7-6110f7e37c63,https://www.instagram.com/p/DYFwAoPCQOB/,educational,educational,2026-10-08T00:10:56+00:00
c4a72e3d-c533-44a2-99d4-d88e3316e1d7,https://www.instagram.com/p/DXgD-NaHOgE/,testimonial,educational,2026-10-08T00:10:56+00:00
363bb583-c307-4c17-b78a-8d281bac48a0,https://www.instagram.com/p/DZKgUqcjb1i/,testimonial,collaboration,2026-10-08T00:10:56+00:00
ca855d4b-0a6c-4a29-9cc6-9c95b4641550,https://www.instagram.com/p/DXxY3mSjxDf/,collaboration,other,2026-10-08T00:10:56+00:00
8daee917-0f8b-4a7d-945e-ce1015a6959b,https://www.instagram.com/p/DXjxgKWkTYb/,other,other,2026-10-08T00:10:56+00:00
c8b7610c-ed6e-46fd-8f37-e95d401f984f,https://www.instagram.com/p/DbGz1jumsFV/,collaboration,educational,2026-10-08T00:10:56+00:00
c2ec0abe-cb92-4e20-ae4c-f705b96669e9,https://www.instagram.com/p/DX-peS0FHn0/,collaboration,campaign,2026-10-08T00:10:56+00:00
4b070e9c-56ab-42af-acba-50ccd5355021,https://www.instagram.com/p/DXyGyzVDQuz/,educational,educational,2026-10-08T00:10:56+00:00
6ec46938-3a37-41d1-9f45-46089168282f,https://www.instagram.com/p/DbMXEQJie8P/,campaign,paid_promotion,2026-10-08T00:10:56+00:00
452c7397-1342-450f-9380-112f2cab3f30,https://www.instagram.com/p/DY7iGCcs1-C/,testimonial,testimonial,2026-10-08T00:10:56+00:00
4814b483-7e28-46f1-831f-3eab9190180f,https://www.instagram.com/p/DZObFiaBIUc/,campaign,product,2026-10-08T00:10:56+00:00
0a313966-607f-4116-9fef-d95cd5062ee5,https://www.instagram.com/p/DZdd6L3E1w_/,other,other,2026-10-08T00:10:56+00:00
17cad916-b1d4-4bce-8eae-a962de8d043d,https://www.instagram.com/p/DZN1dl_En7y/,other,other,2026-10-08T00:10:56+00:00
3689852b-3ebd-4959-b438-d1ee32ada0d0,https://www.instagram.com/p/DXvGR5XjtPL/,campaign,other,2026-10-08T00:10:56+00:00
66e1b99f-736e-48ed-8ab5-d22e7d0545c8,https://www.instagram.com/p/DZsufjPAf35/,campaign,campaign,2026-10-08T00:10:56+00:00
4d09f8fd-07db-45be-b1b6-7bbeff15ff5f,https://www.instagram.com/p/DZnSDvMjstO/,product,other,2026-10-08T00:10:56+00:00
e370226e-c51b-45f0-af1f-9aaef51be13b,https://www.instagram.com/p/DaA2EJftaP4/,paid_promotion,paid_promotion,2026-10-08T00:10:56+00:00
8f21b266-d894-4090-b679-65af341d979c,https://www.instagram.com/p/DZKJ8b6meZm/,educational,educational,2026-10-08T00:10:56+00:00
64688e4b-bba5-4268-b8ad-273f755f3292,https://www.instagram.com/p/DYhxoDEk1NU/,other,educational,2026-10-08T00:10:56+00:00
3fceb411-12fa-4f1b-ac99-38aa316cf0e2,https://www.instagram.com/p/DY5NfCvAsKL/,educational,other,2026-10-08T00:10:56+00:00
dceb1ec6-e917-4066-b2d7-5344d4a9257b,https://www.instagram.com/p/DZdDm53GmPB/,product,other,2026-10-08T00:10:56+00:00
be5f3cdc-42e5-4cf2-8f8a-59ae23ac1c06,https://www.instagram.com/p/DYISYxciZCc/,educational,educational,2026-10-08T00:10:56+00:00
a21313f8-fd6c-4e06-ab22-da689e0d2f72,https://www.instagram.com/p/DZ1bd6vmkAF/,product,product,2026-10-08T00:10:56+00:00
e0d7fda8-abf3-4dde-926a-766287a01ecc,https://www.instagram.com/p/Dac1rjOElY6/,other,educational,2026-10-08T00:10:56+00:00
35ae4c3c-fd7b-422d-acd9-c73e9d51e832,https://www.instagram.com/p/DYbS8Q7lEzO/,educational,educational,2026-10-08T00:15:54+00:00
140d2641-edc8-485c-8441-ba1c0a005874,https://www.instagram.com/p/DX-fPVVGnEU/,campaign,campaign,2026-10-08T00:15:54+00:00
f2d18a7a-96a1-4938-8a9e-7cb1775c4e94,https://www.instagram.com/p/DYv5axrjW6V/,educational,educational,2026-10-08T00:15:54+00:00
94c52ef1-a809-4af4-b904-e40b18b07705,https://www.instagram.com/p/DZJUZdHkSNG/,educational,educational,2026-10-08T00:15:54+00:00
7d60b8bd-a728-40e4-b48e-50d6042c3b25,https://www.instagram.com/p/DYpTkYQNd0X/,paid_promotion,paid_promotion,2026-10-08T00:15:54+00:00
d5cf5338-6156-4ba3-bb9e-490197d40355,https://www.instagram.com/p/DXsM-nWj4dg/,educational,other,2026-10-08T00:15:54+00:00
4907511f-a6bf-48f6-a58b-971ea9dc59b5,https://www.instagram.com/p/DYh0pQXFWAf/,campaign,collaboration,2026-10-08T00:15:54+00:00
bff278ed-2f74-4132-bc0d-d446be09b5c8,https://www.instagram.com/p/DafuoAoiGTL/,campaign,collaboration,2026-10-08T00:15:54+00:00
77104354-bf8d-4ab1-886e-807f77397a57,https://www.instagram.com/p/DXwiAJ4lMtM/,campaign,collaboration,2026-10-08T00:15:54+00:00
28d84e6c-e305-4c47-96db-b695f689a28f,https://www.instagram.com/p/DZFLMkRlqYp/,product,product,2026-10-08T00:15:54+00:00
5828796e-4f75-4262-a35d-ffb46d9d965b,https://www.instagram.com/p/DbTEXrPI5_K/,product,product,2026-10-08T00:15:54+00:00
28dae4f3-aeb8-4e52-9843-8d81ff3c9069,https://www.instagram.com/p/DZr63thgI5E/,testimonial,paid_promotion,2026-10-08T00:15:54+00:00
a7066402-d81e-4ccb-983d-bd2ec85f6b97,https://www.instagram.com/p/DayU1UEAhPK/,campaign,paid_promotion,2026-10-08T00:15:54+00:00
7af0c948-d5ed-4304-8935-52b615f9ff57,https://www.instagram.com/p/DZGQN9Lmhkh/,educational,collaboration,2026-10-08T00:15:54+00:00
cce4cc86-8b3d-4c95-ad4d-a717fb9f43d3,https://www.instagram.com/p/DbA7-HTks_E/,product,product,2026-10-08T00:15:54+00:00
82dc4f41-d3af-4d9b-87eb-9234a002d0c6,https://www.instagram.com/p/DZFqdAxlkUG/,educational,educational,2026-10-08T00:15:54+00:00
47442e9c-d23b-4848-bf94-75b1361c7d49,https://www.instagram.com/p/DZp9HzmKFD8/,product,paid_promotion,2026-10-08T00:15:54+00:00
03b18270-6dec-42ae-824f-0be33fd6d899,https://www.instagram.com/p/DZpmmdFhB73/,testimonial,product,2026-10-08T00:15:54+00:00
8e3fdbda-65b0-4579-9513-ebc18fcd34f3,https://www.instagram.com/p/DZQRC0KkZgR/,other,collaboration,2026-10-08T00:15:54+00:00
c05190c1-d677-47cc-9671-c1b439c3c499,https://www.instagram.com/p/DZWGMXqia1o/,other,paid_promotion,2026-10-08T00:15:54+00:00
610a61a7-7cd7-45a7-ab0b-f5726a5ed817,https://www.instagram.com/p/DYAqqFOgSYU/,product,other,2026-10-08T00:15:54+00:00
750c8f0f-d35e-45aa-ac5b-018497a42846,https://www.instagram.com/p/DYFBt6HAP1O/,campaign,campaign,2026-10-08T00:15:54+00:00
8ef0b02e-d272-45b4-ba17-c480e0628471,https://www.instagram.com/p/Dak5bL1Ruoe/,educational,educational,2026-10-08T00:15:54+00:00
237fccb8-ceed-40a4-a539-545e9aa77dcf,https://www.instagram.com/p/DZNhBOmxM_l/,other,collaboration,2026-10-08T00:15:54+00:00
21c79daf-f460-4954-9f76-01cebe194605,https://www.instagram.com/p/DaqAuSSxtU8/,educational,educational,2026-10-08T00:15:54+00:00
a9e336d3-4975-4a8c-82ba-e88f0aa09ca1,https://www.instagram.com/p/DYc1OnwNqMy/,paid_promotion,paid_promotion,2026-10-08T00:15:54+00:00
a153fad7-c98d-4d26-95c2-6f4cb44d3af0,https://www.instagram.com/p/DaaJAXkoFOw/,product,product,2026-10-08T00:15:54+00:00
a193f0c5-b52d-40c1-b69b-871329001ea6,https://www.instagram.com/p/DbL6n0ggXDZ/,educational,educational,2026-10-08T00:15:54+00:00
8486dba1-3211-433a-aa55-d2ae2a925ac8,https://www.instagram.com/p/DZVm3f3E8Vm/,collaboration,collaboration,2026-10-08T00:15:54+00:00
dedd1edb-1c80-4929-a57f-cb942ff3e161,https://www.instagram.com/p/DZMO2J_FHNd/,testimonial,testimonial,2026-10-08T00:15:54+00:00
23ee2e2b-e22e-4011-9df5-0a2586a04bb6,https://www.instagram.com/p/DZzZbLhAS4s/,product,product,2026-10-08T00:15:54+00:00
29445da2-a6b3-4da4-99fd-d4014f52bab4,https://www.instagram.com/p/DXzlGX9EbgG/,testimonial,testimonial,2026-10-08T00:15:54+00:00
5a87352e-5b3b-4a9b-b276-5488a3b89e1b,https://www.instagram.com/p/DYXD5EdtrZ1/,campaign,educational,2026-10-08T00:15:54+00:00
6683bebf-51e4-45f2-8f12-55642e954c35,https://www.instagram.com/p/DYlk2uNE4K3/,testimonial,educational,2026-10-08T00:15:54+00:00
298ebf7f-43c3-4e1a-b70e-c4ea9fe6bf24,https://www.instagram.com/p/DX-_6fpgdXr/,testimonial,testimonial,2026-10-08T00:15:54+00:00
93e71324-1412-4cce-a1ce-ab365c5339c2,https://www.instagram.com/p/DZFubCntrUG/,educational,product,2026-10-08T00:15:54+00:00
20271d42-3735-45e5-b9d9-8cb665cd8ae7,https://www.instagram.com/p/DapRdo4EgaL/,educational,product,2026-10-08T00:15:54+00:00
b6f649d6-41b1-4fff-8b97-68cc788d96f6,https://www.instagram.com/p/DZqGYfcCkUb/,product,product,2026-10-08T00:15:54+00:00
bb7c258a-1669-4f39-9945-030470ce38df,https://www.instagram.com/p/DZXLS_dHBnM/,product,collaboration,2026-10-08T00:15:54+00:00
3a744a4c-f63d-4e65-9b1c-5e904e69a2d1,https://www.instagram.com/p/DbF_RgsEkWy/,testimonial,testimonial,2026-10-08T00:15:54+00:00
ce77663d-b8f0-4bc8-8bc0-34e5fd01cd17,https://www.instagram.com/p/DZEeSoUiGt5/,educational,educational,2026-10-08T00:15:54+00:00
df664826-fc4a-49d2-bd0c-e1452ff4df26,https://www.instagram.com/p/DZtMS02RGeO/,campaign,campaign,2026-10-08T00:15:54+00:00
5f2bdc7d-6669-4999-aace-c5ade898a849,https://www.instagram.com/p/DYEH-NDCl8c/,testimonial,testimonial,2026-10-08T00:15:54+00:00
171c01a0-b7f2-44e0-8bf2-6a2ffc575b0d,https://www.instagram.com/p/DZJSo-FBcIy/,educational,product,2026-10-08T00:15:54+00:00
b68346e4-8ea4-4adb-9296-6b4811f6c49d,https://www.instagram.com/p/DaDUwFsloUl/,other,other,2026-10-08T00:15:54+00:00
b9a55185-5102-45eb-8176-8ec55dca1e19,https://www.instagram.com/p/DbDf480n7gl/,educational,educational,2026-10-08T00:15:54+00:00
ea6b6037-d200-41ae-b604-d5881c30e3f2,https://www.instagram.com/p/DaTJecRGrBu/,product,campaign,2026-10-08T00:15:54+00:00
e8d3ea57-b96b-472f-9be5-2b043b4cb6ca,https://www.instagram.com/p/DYUztq7kg_H/,product,product,2026-10-08T00:15:54+00:00
67ec4cd4-29a9-4827-aabe-3629bfddfe99,https://www.instagram.com/p/Da04FxToL6Q/,other,other,2026-10-08T00:15:54+00:00
b7845ce5-eb0e-43b9-86c1-0780a1539121,https://www.instagram.com/p/DZX-QkmDkKP/,educational,collaboration,2026-10-08T00:15:54+00:00
