post_id,post_url,stratum
07d9e2d0-88fa-4502-8f5f-273526f14da7,https://www.instagram.com/p/Dagg0-bEjLK/,testimonial
2a2fa056-a92b-45e6-8070-382290f237fc,https://www.instagram.com/p/DarfW-ykXhd/,product
858a4f86-05d7-4e2b-959d-20661f321d86,https://www.instagram.com/p/DZUuxdoFQ4P/,product
1420b03e-ceaf-423c-8162-ac7fe03f0536,https://www.instagram.com/p/DYYcIR-pW4S/,educational
03f3ef59-6e95-4083-98ae-99a5350a284f,https://www.instagram.com/p/DY-JP33FW5b/,product
069833c5-2a5b-4ae9-9055-78d7d0bebddc,https://www.instagram.com/p/DX0ppd9FWJY/,educational
139bff22-8d1a-422a-b9e9-de516e1c2a55,https://www.instagram.com/p/DZVzKPqEirh/,educational
39543804-723f-4e81-a54f-e1c2567a23a1,https://www.instagram.com/p/DaN08QWlOxh/,educational
6d086a5e-877c-4e80-a507-248c462ba766,https://www.instagram.com/p/DZ-9JWXgRR_/,educational
41cabf42-f3e8-4808-8fe4-a92347a22ec5,https://www.instagram.com/p/DZF1ccxiL0W/,collaboration
b30b3fa8-1d31-4af9-b253-01078f75f6cd,https://www.instagram.com/p/DYkZB2jlbYL/,product
5ac1bc78-6a0f-459e-b050-52a3dfb254a1,https://www.instagram.com/p/DalfZ3Jn8yi/,other
71cb88f3-f488-476e-882b-b1b2bf34489e,https://www.instagram.com/p/DZaUo0kD7Y0/,testimonial
799240d1-3008-4f1d-b605-28866aeb882d,https://www.instagram.com/p/DbFQTOHiiXi/,product
1487e0bf-edcc-468d-804c-20df37bd4cf9,https://www.instagram.com/p/Dagz6F5GtFK/,product
765d1d35-19a1-4d7b-a4d5-a102dd1014f4,https://www.instagram.com/p/DbEhlA5Dapu/,educational
b3420f2f-11b7-480b-8b30-cccabd70c26f,https://www.instagram.com/p/DanEzJdo4oA/,other
a9ad6c64-406d-44e7-81e7-5fb12406ecca,https://www.instagram.com/p/DaYEf8bNkbB/,paid_promotion
f6dac2db-fe99-4e1f-9565-4b2831e2204d,https://www.instagram.com/p/DYv05ykAFzh/,other
96d28143-3ca2-4adf-b9b0-47a100a37164,https://www.instagram.com/p/DXxEvfwBe3N/,collaboration
9845d3a7-f056-4b0f-a07a-d5fef1bd70ce,https://www.instagram.com/p/DYi_9hEE2Wk/,educational
655cd66e-8926-4ea8-a69d-d3cc52fb5593,https://www.instagram.com/p/DZvE1dwp27L/,product
06b2e27d-9a97-4bbf-9606-980b5eaf0478,https://www.instagram.com/p/DbBig6HEks7/,campaign
1d0b9b53-7a9d-40ba-b7af-e2bfcb1fc213,https://www.instagram.com/p/DYXhaxjutn9/,campaign
5c4ff7eb-ebaf-4cc6-9cd9-079da1028b8e,https://www.instagram.com/p/DZYILxEJUFy/,paid_promotion
b1898f76-bfaf-46f5-9469-00a4d55fd972,https://www.instagram.com/p/DYqOFb7mtXu/,testimonial
c720f534-1097-4765-86ba-39934794a13d,https://www.instagram.com/p/DX-FoFXFYNp/,collaboration
3182bb9a-8dd5-4fea-aa32-c701b96adf16,https://www.instagram.com/p/DZz4bjIjhdm/,collaboration
e0c9eb77-e302-4406-ba74-b76139e3ca2c,https://www.instagram.com/p/DZXbyhTiD97/,educational
10d521ab-cf90-4483-981e-96ca3c63931c,https://www.instagram.com/p/DZvJJWxiJXu/,product
5ee771ac-5ac4-4574-b94e-4f44ea0087d0,https://www.instagram.com/p/DbGvdS8IDTu/,other
6fabffdc-ec51-4f77-9f3c-2bbd5e312c41,https://www.instagram.com/p/DXsHy6Nkp9z/,collaboration
0ccdf751-541f-462b-9546-3bf8fcfe06ff,https://www.instagram.com/p/DbLp3DziuIC/,campaign
51bce348-1e15-46f6-be9d-dbc4ea28d048,https://www.instagram.com/p/DY0aSn_Dw1B/,other
feaee517-174f-44ec-995c-44ba530118eb,https://www.instagram.com/p/DXqPuuEDGfC/,collaboration
119cf205-f3c5-404c-af96-c88137c16873,https://www.instagram.com/p/DZ3oYpbhX6E/,product
4353023e-b638-4b86-aa4a-2b08534ba763,https://www.instagram.com/p/DY-is77AWz-/,educational
c3bd3ae3-a1e4-4715-86d3-8a144a1d1157,https://www.instagram.com/p/DZ6G68VCnJc/,product
1dc1b1aa-8202-44e9-93ce-01e19301142b,https://www.instagram.com/p/DX-kHLwlRbe/,educational
8c9753a8-7d95-4746-aef2-40a03bbd35e7,https://www.instagram.com/p/DZdVdevgSRV/,campaign
1ac4bac9-f78f-46d4-b160-be799bacfeeb,https://www.instagram.com/p/DaV4I-BRqur/,campaign
3a9589e2-5c9a-442c-8bf6-2fd63694227a,https://www.instagram.com/p/DZ-VmwLxc0d/,paid_promotion
18230664-66a2-4692-a2d5-1095ca8849d3,https://www.instagram.com/p/DY4igvWilsd/,educational
9995fed6-63d9-49ee-ba44-fbfeeb7adba4,https://www.instagram.com/p/DaEw2AIFU6v/,product
a17ea7a1-662f-48cc-9788-1eaad215d02a,https://www.instagram.com/p/DZQj_jZgVqm/,product
69df5002-0fa7-449d-94cd-91913a693779,https://www.instagram.com/p/DZOY8E4gF7C/,other
fa4a69ab-e384-4972-80d2-0efb3151aa90,https://www.instagram.com/p/DYQHfRbyMUU/,educational
1bef8284-af79-40fc-a4b9-b18299aa35bf,https://www.instagram.com/p/DajY4WsEUjQ/,other
802aa766-72ea-4bda-b5af-97552980e009,https://www.instagram.com/p/DaS-P9QMbjz/,collaboration
080f916d-6780-41ab-aa28-83ec9a9fee8d,https://www.instagram.com/p/DZVjEMfIOFd/,other
77837fea-281e-4144-8869-6a71917e68eb,https://www.instagram.com/p/DZdPEoPJ5P6/,paid_promotion
36098e29-a5a5-40b9-b4f2-ca14e95665c9,https://www.instagram.com/p/DaYk8qlDFMg/,collaboration
2af712fd-7b00-4518-8fa5-3ade414f387e,https://www.instagram.com/p/DYdgfLDBnUF/,educational
ffd85fe9-ebb5-4a92-b5af-fecc47191693,https://www.instagram.com/p/DY7iw0bvwRD/,educational
8a4b9dcd-1bf6-4cf4-9115-6b4144f71e76,https://www.instagram.com/p/DZvYZrdkWv5/,collaboration
0ba1b815-238d-4c5b-864d-f6a38acd33be,https://www.instagram.com/p/DZ5JvN5DaiJ/,educational
6ea7f294-1d14-4b1c-8eca-4327302aa9ea,https://www.instagram.com/p/DYfYrbIEwBh/,educational
10bbe25e-857c-4f42-9b8f-41fe83336946,https://www.instagram.com/p/Dafgb-ZDNlf/,campaign
5e342f4f-fb80-44e4-ab39-af98dee96d3f,https://www.instagram.com/p/Dad32PxgUKX/,campaign
069599b9-5abf-45fa-a3b7-cee9b2bf1469,https://www.instagram.com/p/DaVSVVSDLth/,product
ceb367db-579e-4b6b-b0ba-1f4440e8b66f,https://www.instagram.com/p/DaU6C66ihrJ/,product
2dfda995-552b-4d55-8d0a-d818b5cd423c,https://www.instagram.com/p/DZCokBoijOx/,product
b898bca5-73b1-477e-88e7-f5c805ae586a,https://www.instagram.com/p/DbIjkY1D_Ds/,collaboration
dbf6fadf-2549-4e18-8fac-c972a616ce25,https://www.instagram.com/p/DYr-ljVouvp/,product
98eabdc5-2849-406b-bc4f-b48b53dd37a1,https://www.instagram.com/p/DYYW-dsFU-2/,product
fbee2d1d-9030-41bd-a4ee-4aba14db03ad,https://www.instagram.com/p/DYXqffKxx4M/,educational
5ede1f80-55ac-49f0-82b3-d09016e2803b,https://www.instagram.com/p/DXzFlznk7P6/,educational
926bcc69-bde5-4259-b95a-ac7c3c2bc56a,https://www.instagram.com/p/DYytm3cFiVc/,educational
aebc2df0-ff44-45da-ad20-989a83af758f,https://www.instagram.com/p/DayhLPHlW3u/,educational
186d3d18-92e1-44bb-9964-5f75ec8c3b89,https://www.instagram.com/p/DZFXOCrDQbG/,educational
3bab6f42-f79a-4af8-a485-60865599b1bc,https://www.instagram.com/p/DbM6TiqkSq2/,educational
92d73c54-15e2-4fef-876c-6885cdafe420,https://www.instagram.com/p/DYo_kHdgZz1/,product
284dbdd9-96bb-4248-b7e8-d24631d3d245,https://www.instagram.com/p/DZKpDDNhAk4/,product
5bec325d-2bd3-434d-b895-50984e2fa406,https://www.instagram.com/p/DZs5le7sTFD/,paid_promotion
1cd95442-5ccc-4685-a39d-31176cf3467a,https://www.instagram.com/p/DbOf_BCnHPD/,product
b77ec204-1bd9-4cbf-9857-d5fd0344ec37,https://www.instagram.com/p/DaYRX3sD6Ew/,educational
f78e7136-689b-43c6-bfd0-3f0c3a1ac6e9,https://www.instagram.com/p/DY40EmUIIAg/,educational
cda02189-5b0f-4897-a264-6c6b36787e23,https://www.instagram.com/p/DZ0IHbzD3-d/,educational
243193ca-11ee-4a98-8a75-a59838af9e25,https://www.instagram.com/p/DYANNotiLpB/,collaboration
4c71dd3c-9d4e-402b-98f0-80fd10d77631,https://www.instagram.com/p/DYHvNYlB41u/,testimonial
741984f5-960a-4111-abe8-a0e200319b20,https://www.instagram.com/p/DbGZ1V_C_jZ/,paid_promotion
ea7b49d2-40f0-4a6e-aec1-a7fd3dc371eb,https://www.instagram.com/p/DZpsARpt_Mu/,paid_promotion
6127849a-d680-4ecd-acc7-6110f7e37c63,https://www.instagram.com/p/DYFwAoPCQOB/,educational
c4a72e3d-c533-44a2-99d4-d88e3316e1d7,https://www.instagram.com/p/DXgD-NaHOgE/,testimonial
363bb583-c307-4c17-b78a-8d281bac48a0,https://www.instagram.com/p/DZKgUqcjb1i/,testimonial
ca855d4b-0a6c-4a29-9cc6-9c95b4641550,https://www.instagram.com/p/DXxY3mSjxDf/,collaboration
8daee917-0f8b-4a7d-945e-ce1015a6959b,https://www.instagram.com/p/DXjxgKWkTYb/,other
c8b7610c-ed6e-46fd-8f37-e95d401f984f,https://www.instagram.com/p/DbGz1jumsFV/,collaboration
c2ec0abe-cb92-4e20-ae4c-f705b96669e9,https://www.instagram.com/p/DX-peS0FHn0/,collaboration
4b070e9c-56ab-42af-acba-50ccd5355021,https://www.instagram.com/p/DXyGyzVDQuz/,educational
6ec46938-3a37-41d1-9f45-46089168282f,https://www.instagram.com/p/DbMXEQJie8P/,campaign
452c7397-1342-450f-9380-112f2cab3f30,https://www.instagram.com/p/DY7iGCcs1-C/,testimonial
4814b483-7e28-46f1-831f-3eab9190180f,https://www.instagram.com/p/DZObFiaBIUc/,campaign
0a313966-607f-4116-9fef-d95cd5062ee5,https://www.instagram.com/p/DZdd6L3E1w_/,other
17cad916-b1d4-4bce-8eae-a962de8d043d,https://www.instagram.com/p/DZN1dl_En7y/,other
3689852b-3ebd-4959-b438-d1ee32ada0d0,https://www.instagram.com/p/DXvGR5XjtPL/,campaign
66e1b99f-736e-48ed-8ab5-d22e7d0545c8,https://www.instagram.com/p/DZsufjPAf35/,campaign
4d09f8fd-07db-45be-b1b6-7bbeff15ff5f,https://www.instagram.com/p/DZnSDvMjstO/,product
e370226e-c51b-45f0-af1f-9aaef51be13b,https://www.instagram.com/p/DaA2EJftaP4/,paid_promotion
8f21b266-d894-4090-b679-65af341d979c,https://www.instagram.com/p/DZKJ8b6meZm/,educational
64688e4b-bba5-4268-b8ad-273f755f3292,https://www.instagram.com/p/DYhxoDEk1NU/,other
3fceb411-12fa-4f1b-ac99-38aa316cf0e2,https://www.instagram.com/p/DY5NfCvAsKL/,educational
dceb1ec6-e917-4066-b2d7-5344d4a9257b,https://www.instagram.com/p/DZdDm53GmPB/,product
be5f3cdc-42e5-4cf2-8f8a-59ae23ac1c06,https://www.instagram.com/p/DYISYxciZCc/,educational
a21313f8-fd6c-4e06-ab22-da689e0d2f72,https://www.instagram.com/p/DZ1bd6vmkAF/,product
e0d7fda8-abf3-4dde-926a-766287a01ecc,https://www.instagram.com/p/Dac1rjOElY6/,other
35ae4c3c-fd7b-422d-acd9-c73e9d51e832,https://www.instagram.com/p/DYbS8Q7lEzO/,educational
140d2641-edc8-485c-8441-ba1c0a005874,https://www.instagram.com/p/DX-fPVVGnEU/,campaign
f2d18a7a-96a1-4938-8a9e-7cb1775c4e94,https://www.instagram.com/p/DYv5axrjW6V/,educational
94c52ef1-a809-4af4-b904-e40b18b07705,https://www.instagram.com/p/DZJUZdHkSNG/,educational
7d60b8bd-a728-40e4-b48e-50d6042c3b25,https://www.instagram.com/p/DYpTkYQNd0X/,paid_promotion
d5cf5338-6156-4ba3-bb9e-490197d40355,https://www.instagram.com/p/DXsM-nWj4dg/,educational
4907511f-a6bf-48f6-a58b-971ea9dc59b5,https://www.instagram.com/p/DYh0pQXFWAf/,campaign
bff278ed-2f74-4132-bc0d-d446be09b5c8,https://www.instagram.com/p/DafuoAoiGTL/,campaign
77104354-bf8d-4ab1-886e-807f77397a57,https://www.instagram.com/p/DXwiAJ4lMtM/,campaign
28d84e6c-e305-4c47-96db-b695f689a28f,https://www.instagram.com/p/DZFLMkRlqYp/,product
5828796e-4f75-4262-a35d-ffb46d9d965b,https://www.instagram.com/p/DbTEXrPI5_K/,product
28dae4f3-aeb8-4e52-9843-8d81ff3c9069,https://www.instagram.com/p/DZr63thgI5E/,testimonial
a7066402-d81e-4ccb-983d-bd2ec85f6b97,https://www.instagram.com/p/DayU1UEAhPK/,campaign
7af0c948-d5ed-4304-8935-52b615f9ff57,https://www.instagram.com/p/DZGQN9Lmhkh/,educational
cce4cc86-8b3d-4c95-ad4d-a717fb9f43d3,https://www.instagram.com/p/DbA7-HTks_E/,product
82dc4f41-d3af-4d9b-87eb-9234a002d0c6,https://www.instagram.com/p/DZFqdAxlkUG/,educational
47442e9c-d23b-4848-bf94-75b1361c7d49,https://www.instagram.com/p/DZp9HzmKFD8/,product
03b18270-6dec-42ae-824f-0be33fd6d899,https://www.instagram.com/p/DZpmmdFhB73/,testimonial
8e3fdbda-65b0-4579-9513-ebc18fcd34f3,https://www.instagram.com/p/DZQRC0KkZgR/,other
c05190c1-d677-47cc-9671-c1b439c3c499,https://www.instagram.com/p/DZWGMXqia1o/,other
610a61a7-7cd7-45a7-ab0b-f5726a5ed817,https://www.instagram.com/p/DYAqqFOgSYU/,product
750c8f0f-d35e-45aa-ac5b-018497a42846,https://www.instagram.com/p/DYFBt6HAP1O/,campaign
8ef0b02e-d272-45b4-ba17-c480e0628471,https://www.instagram.com/p/Dak5bL1Ruoe/,educational
237fccb8-ceed-40a4-a539-545e9aa77dcf,https://www.instagram.com/p/DZNhBOmxM_l/,other
21c79daf-f460-4954-9f76-01cebe194605,https://www.instagram.com/p/DaqAuSSxtU8/,educational
a9e336d3-4975-4a8c-82ba-e88f0aa09ca1,https://www.instagram.com/p/DYc1OnwNqMy/,paid_promotion
a153fad7-c98d-4d26-95c2-6f4cb44d3af0,https://www.instagram.com/p/DaaJAXkoFOw/,product
a193f0c5-b52d-40c1-b69b-871329001ea6,https://www.instagram.com/p/DbL6n0ggXDZ/,educational
8486dba1-3211-433a-aa55-d2ae2a925ac8,https://www.instagram.com/p/DZVm3f3E8Vm/,collaboration
dedd1edb-1c80-4929-a57f-cb942ff3e161,https://www.instagram.com/p/DZMO2J_FHNd/,testimonial
23ee2e2b-e22e-4011-9df5-0a2586a04bb6,https://www.instagram.com/p/DZzZbLhAS4s/,product
29445da2-a6b3-4da4-99fd-d4014f52bab4,https://www.instagram.com/p/DXzlGX9EbgG/,testimonial
5a87352e-5b3b-4a9b-b276-5488a3b89e1b,https://www.instagram.com/p/DYXD5EdtrZ1/,campaign
6683bebf-51e4-45f2-8f12-55642e954c35,https://www.instagram.com/p/DYlk2uNE4K3/,testimonial
298ebf7f-43c3-4e1a-b70e-c4ea9fe6bf24,https://www.instagram.com/p/DX-_6fpgdXr/,testimonial
93e71324-1412-4cce-a1ce-ab365c5339c2,https://www.instagram.com/p/DZFubCntrUG/,educational
20271d42-3735-45e5-b9d9-8cb665cd8ae7,https://www.instagram.com/p/DapRdo4EgaL/,educational
b6f649d6-41b1-4fff-8b97-68cc788d96f6,https://www.instagram.com/p/DZqGYfcCkUb/,product
bb7c258a-1669-4f39-9945-030470ce38df,https://www.instagram.com/p/DZXLS_dHBnM/,product
3a744a4c-f63d-4e65-9b1c-5e904e69a2d1,https://www.instagram.com/p/DbF_RgsEkWy/,testimonial
ce77663d-b8f0-4bc8-8bc0-34e5fd01cd17,https://www.instagram.com/p/DZEeSoUiGt5/,educational
df664826-fc4a-49d2-bd0c-e1452ff4df26,https://www.instagram.com/p/DZtMS02RGeO/,campaign
5f2bdc7d-6669-4999-aace-c5ade898a849,https://www.instagram.com/p/DYEH-NDCl8c/,testimonial
171c01a0-b7f2-44e0-8bf2-6a2ffc575b0d,https://www.instagram.com/p/DZJSo-FBcIy/,educational
b68346e4-8ea4-4adb-9296-6b4811f6c49d,https://www.instagram.com/p/DaDUwFsloUl/,other
b9a55185-5102-45eb-8176-8ec55dca1e19,https://www.instagram.com/p/DbDf480n7gl/,educational
ea6b6037-d200-41ae-b604-d5881c30e3f2,https://www.instagram.com/p/DaTJecRGrBu/,product
e8d3ea57-b96b-472f-9be5-2b043b4cb6ca,https://www.instagram.com/p/DYUztq7kg_H/,product
67ec4cd4-29a9-4827-aabe-3629bfddfe99,https://www.instagram.com/p/Da04FxToL6Q/,other
b7845ce5-eb0e-43b9-86c1-0780a1539121,https://www.instagram.com/p/DZX-QkmDkKP/,educational
de87020a-2601-4b80-940f-883e47141bf9,https://www.instagram.com/p/DaoVeOEHB6N/,product
917277ab-40bd-4abd-9a85-9fefcd167d69,https://www.instagram.com/p/DaliBZHFetw/,campaign
6f931ad4-86b7-4f96-a64b-004cea357b7b,https://www.instagram.com/p/DYIJTGYFdkp/,product
d3f8770d-45ed-4da6-8b9d-73986d39177f,https://www.instagram.com/p/DadOVLeNWUI/,paid_promotion
77ffd351-980d-4896-93f4-ae5d810b724d,https://www.instagram.com/p/DYDdkIYBQFH/,testimonial
ed5acb8c-3615-4bc2-b9bc-44c3934180ee,https://www.instagram.com/p/DY2q5TjEVCY/,educational
b13728b5-5a9c-43cc-976f-639a4334a472,https://www.instagram.com/p/DYvzvYetb5e/,educational
be0cc56b-7017-448d-8746-3e46f97da392,https://www.instagram.com/p/DZLbMn0GmuD/,educational
b9509240-ac1e-4e38-a8ab-8b6489b42fce,https://www.instagram.com/p/DYs3n7KjCZW/,educational
9bcfe65d-a5ac-443c-93e4-ecf54073b239,https://www.instagram.com/p/DX4rGerj647/,educational
c9f5cd34-b0fa-4705-b718-c17bc2a5bcb4,https://www.instagram.com/p/Da467HeDCDD/,product
3710ca86-2751-427c-bf99-330def258b3d,https://www.instagram.com/p/DYCIbTWDUoi/,product
5da9ab74-5cf5-42c4-91ca-c1bcb7f9d29a,https://www.instagram.com/p/DalDJj9iLwK/,product
fa6c48b9-f2b9-4b39-8012-47fda571fe8b,https://www.instagram.com/p/DYnViUdDgHB/,educational
91455377-c215-4c46-847e-4389ecdca64d,https://www.instagram.com/p/DYiGY-ryDGR/,paid_promotion
1c873543-1a56-435f-a1c0-27b553f973f5,https://www.instagram.com/p/DY-JqsLJ6Fd/,paid_promotion
d6ff04bb-dd61-4b31-95df-1b7f2ece200b,https://www.instagram.com/p/DYzjwC9xQL-/,paid_promotion
e4d101e0-035d-4f2e-9e77-8100eb27a516,https://www.instagram.com/p/Da4_C2bjPya/,educational
69a79e75-a21c-4ff6-9d76-c11de9c4cdc4,https://www.instagram.com/p/Da8f09SA1ly/,educational
71b90e28-217e-40e7-ae81-41533d5b9aff,https://www.instagram.com/p/DaOM5zxRc0t/,collaboration
164c0883-c94f-4668-9db1-592072f8722a,https://www.instagram.com/p/DZQvTD8k7Bc/,educational
29227147-d8a9-480a-9db0-0b859244aff1,https://www.instagram.com/p/DZnindRo9Qs/,testimonial
1a045329-e354-4a02-9254-e5739ab7562b,https://www.instagram.com/p/DYixAgws64e/,educational
b060a0b4-422b-4743-83d2-2414d07e9676,https://www.instagram.com/p/DZxL9Njmw41/,product
e26cecef-212c-4fc7-8a04-c14a4af7cd54,https://www.instagram.com/p/Da8LXq4EcbP/,campaign
625b45ba-f409-4eca-8974-a71fd869bd69,https://www.instagram.com/p/Dapb39ekdPr/,product
ad99464f-a430-4441-a40f-2e80de5ff484,https://www.instagram.com/p/DZ5T2XPllXv/,educational
92a4fea5-f873-42ce-914d-97638d961461,https://www.instagram.com/p/DYfIj9QuXD6/,testimonial
e19a0add-a214-44b0-a0a6-74293924ac38,https://www.instagram.com/p/DZjSv_9AAar/,campaign
5c10053c-4792-4012-a2f2-2eb5273d702c,https://www.instagram.com/p/DZpyMOvR_R9/,paid_promotion
1f24be22-735d-443b-ba9c-98feb93ac175,https://www.instagram.com/p/DacM3h2Ch7l/,product
64929a14-36c0-4473-8f0f-2d2cb5123a77,https://www.instagram.com/p/DZUypCsCi8D/,collaboration
c4e0047e-a7fb-48cd-9341-2544935a17d2,https://www.instagram.com/p/DYzl1pdFI_5/,educational
864c6fed-26d6-4552-951e-b7a81aa976d8,https://www.instagram.com/p/DXxgp_mvT7T/,paid_promotion
16327dce-f5a2-49a6-b797-66e81bfa477c,https://www.instagram.com/p/DYCk7zTms6c/,educational
159b73c6-7ba7-4cfc-8229-a75c36ea4eb6,https://www.instagram.com/p/DYhkH24lf3j/,campaign
205a5eb7-5c52-42da-8d6f-11c3df188348,https://www.instagram.com/p/DZabGsFNQsA/,paid_promotion
81fd88d7-7350-4f2a-9b5f-4e55a023a9b7,https://www.instagram.com/p/DZZ_mLwRrN2/,collaboration
53627afd-4347-437f-a182-68cf766bed1a,https://www.instagram.com/p/DZITFoDg_bH/,product
1732e5aa-e615-4173-8664-fb7efeaa3ff9,https://www.instagram.com/p/DZ5ZS8lkxj0/,other
fa870416-469f-4d44-8fd8-591971885483,https://www.instagram.com/p/DYph8wTvmiE/,educational
1157dc04-4f75-41ae-b76c-370c474855ea,https://www.instagram.com/p/DZoXu7ZN03R/,testimonial
fdb4d573-dee1-4297-91b0-0c59c4ee7c15,https://www.instagram.com/p/DZDQL-6mu96/,educational
65b785b9-312e-47fb-bb0a-70e57a926851,https://www.instagram.com/p/DYYF-eBxiHz/,testimonial
68d7c080-cef7-4ada-ae41-b8dbad21c73d,https://www.instagram.com/p/DX0LTLED1Jr/,collaboration
4269cc8c-cf1d-47c8-b529-4c9558fa721f,https://www.instagram.com/p/DYQbul3j8gn/,collaboration
9784adf4-c266-4e20-b90a-5fcbb6240696,https://www.instagram.com/p/DZdWHqUIaIW/,campaign
cbefaef0-0e7b-4def-8210-918ebc56b29e,https://www.instagram.com/p/DX91vvPjuBY/,educational
c907f563-1784-4fd1-8cf5-7227540509da,https://www.instagram.com/p/DXuoROmFMXU/,other
